image,brand,brand_item_name,brand_product_url,hahababy_item_name,hahababy_product_url_official,hahababy_product_url_shopee,hahababy_product_url_social,removed,snapshot_url,source,source_url
743036055_17946576564238747_395982548523463037_n.jpg,Viga Wang,X分牛仔褲裙,https://www.vigawang.com/product/x%E5%88%86%E7%89%9B%E4%BB%94%E8%A4%B2%E8%A3%99/,大人側邊打褶丹寧寬版五分褲,https://www.hahababyselect.com/products/%E5%A4%A7%E4%BA%BA%E5%81%B4%E9%82%8A%E6%89%93%E8%A4%B6%E4%B8%B9%E5%AF%A7%E5%AF%AC%E7%89%88%E4%BA%94%E5%88%86%E8%A4%B2,https://shopee.tw/%E3%80%90hahababy%E3%80%91%E5%A4%A7%E4%BA%BA%E5%81%B4%E9%82%8A%E6%89%93%E8%A4%B6%E4%B8%B9%E5%AF%A7%E5%AF%AC%E7%89%88%E4%BA%94%E5%88%86%E8%A4%B2-i.780247315.52613952592,https://www.facebook.com/hahababyselect/posts/pfbid02Piz7XyC5HEaVKWENFdXTwoD8QBpxCakPKeaRE31wjCNpiv2SSYr8ikddu5QzVdVpl,1,https://web.archive.org/web/20260715150730/https://www.hahababyselect.com/products/%E5%A4%A7%E4%BA%BA%E5%81%B4%E9%82%8A%E6%89%93%E8%A4%B6%E4%B8%B9%E5%AF%A7%E5%AF%AC%E7%89%88%E4%BA%94%E5%88%86%E8%A4%B2,yyds200e,https://www.threads.com/@yyds200e/post/DaoIU0xE-8X
743187035_17946576543238747_8443210900819452612_n.jpg,MARKEY'S,Wガーゼキャミワンピース,https://markeys-online.jp/c/onepiece/c-9311,極簡系列-兒童三重紗細肩洋裝,https://www.hahababyselect.com/products/%E6%A5%B5%E7%B0%A1%E7%B3%BB%E5%88%97-%E5%85%92%E7%AB%A5%E4%B8%89%E9%87%8D%E7%B4%97%E7%B4%B0%E8%82%A9%E6%B4%8B%E8%A3%9D,https://shopee.tw/%E3%80%90hahababy%E3%80%91%E6%A5%B5%E7%B0%A1%E7%B3%BB%E5%88%97-%E5%85%92%E7%AB%A5%E4%B8%89%E9%87%8D%E7%B4%97%E7%B4%B0%E8%82%A9%E6%B4%8B%E8%A3%9D-i.780247315.54911226356,,1,,yyds200e,https://www.threads.com/@yyds200e/post/DaoIU0xE-8X
743276473_17946576534238747_4729455529426863300_n.jpg,SOU・SOU,高島縮棉 40/40 短袖T-shirt／depo leopard Daylight,https://www.sousou.co.jp/zh-hant-tw/products/9427109,豹紋系列-大人短袖襯衫上衣,https://www.hahababyselect.com/products/%E8%B1%B9%E7%B4%8B%E7%B3%BB%E5%88%97-%E5%A4%A7%E4%BA%BA%E7%9F%AD%E8%A2%96%E8%A5%AF%E8%A1%AB%E4%B8%8A%E8%A1%A3,https://shopee.tw/%E3%80%90hahababy%E3%80%91%E8%B1%B9%E7%B4%8B%E7%B3%BB%E5%88%97-%E5%A4%A7%E4%BA%BA%E7%9F%AD%E8%A2%96%E8%A5%AF%E8%A1%AB%E4%B8%8A%E8%A1%A3-i.780247315.52363176261,https://www.facebook.com/hahababyselect/posts/pfbid0ZnVjL3e4zQ5uKdft8KktC5JMktbAyoCDPdq8GW7S8b7V6LN37L98brwiCpdjxFZVl,,https://web.archive.org/web/20260717161202/https://www.hahababyselect.com/products/%E8%B1%B9%E7%B4%8B%E7%B3%BB%E5%88%97-%E5%A4%A7%E4%BA%BA%E7%9F%AD%E8%A2%96%E8%A5%AF%E8%A1%AB%E4%B8%8A%E8%A1%A3,yyds200e,https://www.threads.com/@yyds200e/post/DaoIU0xE-8X
743485140_17946576513238747_9080740350988763142_n.jpg,Bell Pony,ビッグポケット デニムワイドパンツ BPS-26818 [Bell Pony],https://yk-lifestyle-market.com/products/%E3%82%A2%E3%83%BC%E3%83%81%E7%95%B0%E7%B4%A0%E6%9D%90%E5%88%87%E6%9B%BF-%E3%82%B3%E3%82%AF%E3%83%BC%E3%83%B3%E3%83%91%E3%83%B3%E3%83%84-bps-26580-bell-pony-%E3%82%B3%E3%83%94%E3%83%BC?srsltid=AfmBOopiJKVLLO5-CMAVF1UbVgQqEE4yo3bfaM7wCa5y5680zhJRJb-Y,大人牛仔口袋七分寬褲,https://www.hahababyselect.com/products/%E5%A4%A7%E4%BA%BA%E7%89%9B%E4%BB%94%E5%8F%A3%E8%A2%8B%E4%B8%83%E5%88%86%E5%AF%AC%E8%A4%B2,https://shopee.tw/%E3%80%90hahababy%E3%80%91%E5%A4%A7%E4%BA%BA%E7%89%9B%E4%BB%94%E5%8F%A3%E8%A2%8B%E4%B8%83%E5%88%86%E5%AF%AC%E8%A4%B2-i.780247315.29845207425,,1,,yyds200e,https://www.threads.com/@yyds200e/post/DaoIU0xE-8X
743658292_17946576591238747_5911415632409644333_n.jpg,CECIL McBEE,CECIL McBEE by SUREVE Short Sleeve T-Shirt Black,,Haha擁豹-大人短版上衣,https://www.hahababyselect.com/products/haha%E6%93%81%E8%B1%B9-%E5%A4%A7%E4%BA%BA%E7%9F%AD%E7%89%88%E4%B8%8A%E8%A1%A3,https://shopee.tw/%E3%80%90hahababy%E3%80%91Haha%E6%93%81%E8%B1%B9-%E5%A4%A7%E4%BA%BA%E7%9F%AD%E7%89%88%E4%B8%8A%E8%A1%A3-i.780247315.27344852338,https://www.instagram.com/reel/DZHiZu8TVDt/,,https://web.archive.org/web/20260717161458/https://www.hahababyselect.com/products/haha%E6%93%81%E8%B1%B9-%E5%A4%A7%E4%BA%BA%E7%9F%AD%E7%89%88%E4%B8%8A%E8%A1%A3,yyds200e,https://www.threads.com/@yyds200e/post/DaoIU0xE-8X
744597057_17946576495238747_6719479828347954262_n.jpg,GRANIPH,graniph 猫 ワンピース 黒 ドット 切替 FREE 新品タグ付 スリーピングキャット,https://paypayfleamarket.yahoo.co.jp/item/z580374648,方領背心裙,,,https://www.instagram.com/p/C16qyRCLk4J/?img_index=5,1,,yyds200e,https://www.threads.com/@yyds200e/post/DaoIU0xE-8X
744871507_17946576504238747_278492017162679047_n.jpg,SOU・SOU,Mr.WISH X SOU・SOU 聯名不鏽鋼吸管杯,https://www.mr-wish.com/load_page/get_news_content/1/430,hahababy 不鏽鋼保溫杯 700ML,https://www.hahababyselect.com/products/hahababy-%E4%B8%8D%E9%8F%BD%E9%8B%BC%E4%BF%9D%E6%BA%AB%E6%9D%AF-700ml,https://shopee.tw/%E3%80%90hahababy%E3%80%91%E4%B8%8D%E9%8F%BD%E9%8B%BC%E4%BF%9D%E6%BA%AB%E6%9D%AF-700ML-i.780247315.53111211797,,,https://web.archive.org/web/20260717161545/https://www.hahababyselect.com/products/hahababy-x-%E5%AF%8C%E9%9B%A8%E6%B4%8B%E5%82%98-%E9%BB%9E%E9%BB%9E%E6%8A%98%E5%82%98,yyds200e,https://www.threads.com/@yyds200e/post/DaoIU0xE-8X
745305180_17946576573238747_6145138480641477360_n.jpg,non-hedge,リボンプルオーバー・スカートセットアップ （ブラック）,https://www.magaseek.com/commodity/STIM1322D/NO8892EW06899/,極簡系列-大人小蝴蝶結自帶安全褲短裙,https://www.hahababyselect.com/products/%E6%A5%B5%E7%B0%A1%E7%B3%BB%E5%88%97-%E5%A4%A7%E4%BA%BA%E5%B0%8F%E8%9D%B4%E8%9D%B6%E7%B5%90%E8%87%AA%E5%B8%B6%E5%AE%89%E5%85%A8%E8%A4%B2%E7%9F%AD%E8%A3%99,https://shopee.tw/%E3%80%90hahababy%E3%80%91%E6%A5%B5%E7%B0%A1%E7%B3%BB%E5%88%97-%E5%A4%A7%E4%BA%BA%E5%B0%8F%E8%9D%B4%E8%9D%B6%E7%B5%90%E8%87%AA%E5%B8%B6%E5%AE%89%E5%85%A8%E8%A4%B2%E7%9F%AD%E8%A3%99-i.780247315.53363961246,,1,,yyds200e,https://www.threads.com/@yyds200e/post/DaoIU0xE-8X
745476893_17946576549238747_4819686367354805490_n.jpg,SOU・SOU,自動開收傘(糺之森/五十音歌),https://www.rakuten.com.tw/shop/himeji-zoo/product/0396/,hahababy x 富雨洋傘 抗UV自動折傘,https://www.hahababyselect.com/products/hahababy-x-%E5%AF%8C%E9%9B%A8%E6%B4%8B%E5%82%98-%E9%BB%9E%E9%BB%9E%E6%8A%98%E5%82%98,https://shopee.tw/%E3%80%90hahababy%E3%80%91%E6%8A%97UV%E8%87%AA%E5%8B%95%E6%8A%98%E5%82%98-%E8%BC%95%E9%87%8F%E8%87%AA%E5%8B%95%E5%82%98-%E5%8F%B0%E7%81%A3%E5%9C%A8%E5%9C%B0%E8%A3%BD%E4%BD%9C-%E5%82%98%E9%AA%A8%E7%B5%82%E8%BA%AB%E4%BF%9D%E5%9B%BA-%E5%85%A8%E5%8F%B0%E7%B6%AD%E4%BF%AE-%E6%8A%98%E7%96%8A%E5%82%98-%E8%BC%95%E4%BE%BF%E9%9B%A8%E5%82%98-i.780247315.22772125528,https://www.facebook.com/watch/?v=1325310382870692,,,yyds200e,https://www.threads.com/@yyds200e/post/DaoIU0xE-8X
741693668_18143626372496808_8743714777946279870_n.webp,MARKEY'S,Wガーゼキャミワンピース,https://markeys-online.jp/c/onepiece/c-9311,極簡系列-大人三重紗細肩洋裝,https://www.hahababyselect.com/products/%E6%A5%B5%E7%B0%A1%E7%B3%BB%E5%88%97-%E5%A4%A7%E4%BA%BA%E4%B8%89%E9%87%8D%E7%B4%97%E7%B4%B0%E8%82%A9%E6%B4%8B%E8%A3%9D,https://shopee.tw/%E3%80%90hahababy%E3%80%91%E6%A5%B5%E7%B0%A1%E7%B3%BB%E5%88%97-%E5%A4%A7%E4%BA%BA%E4%B8%89%E9%87%8D%E7%B4%97%E7%B4%B0%E8%82%A9%E6%B4%8B%E8%A3%9D-i.780247315.41481223827,,1,,icelandcatreborn,https://www.threads.com/@icelandcatreborn/post/DapKwwKk9Ln
742895921_18143626333496808_8634900192015078716_n.webp,MARKEY'S,Wガーゼキャミワンピース,https://markeys-online.jp/c/onepiece/c-9311,極簡系列-兒童三重紗細肩洋裝,https://www.hahababyselect.com/products/%E6%A5%B5%E7%B0%A1%E7%B3%BB%E5%88%97-%E5%85%92%E7%AB%A5%E4%B8%89%E9%87%8D%E7%B4%97%E7%B4%B0%E8%82%A9%E6%B4%8B%E8%A3%9D,https://shopee.tw/%E3%80%90hahababy%E3%80%91%E6%A5%B5%E7%B0%A1%E7%B3%BB%E5%88%97-%E5%85%92%E7%AB%A5%E4%B8%89%E9%87%8D%E7%B4%97%E7%B4%B0%E8%82%A9%E6%B4%8B%E8%A3%9D-i.780247315.54911226356,,1,,icelandcatreborn,https://www.threads.com/@icelandcatreborn/post/DapKwwKk9Ln
743016956_18143626345496808_4670318385133592849_n.webp,HELLO.SANFRANCISCO,【HELLO.SANFRANCISCO】ワッフルフレアパンツ,https://zozo.jp/shop/ciaopanictypy/goods/93064663/?did=155291885&rid=3123,極簡系列-大人荷葉車邊喇叭長褲,https://www.hahababyselect.com/products/%E6%A5%B5%E7%B0%A1%E7%B3%BB%E5%88%97-%E5%A4%A7%E4%BA%BA%E8%8D%B7%E8%91%89%E8%BB%8A%E9%82%8A%E5%96%87%E5%8F%AD%E9%95%B7%E8%A4%B2,https://shopee.tw/%E3%80%90hahababy%E3%80%91%E6%A5%B5%E7%B0%A1%E7%B3%BB%E5%88%97-%E5%A4%A7%E4%BA%BA%E8%8D%B7%E8%91%89%E8%BB%8A%E9%82%8A%E5%96%87%E5%8F%AD%E9%95%B7%E8%A4%B2-i.780247315.56308781215,,1,https://web.archive.org/web/20260421042957/https://www.hahababyselect.com/products/%E6%A5%B5%E7%B0%A1%E7%B3%BB%E5%88%97-%E5%A4%A7%E4%BA%BA%E8%8D%B7%E8%91%89%E8%BB%8A%E9%82%8A%E5%96%87%E5%8F%AD%E9%95%B7%E8%A4%B2,icelandcatreborn,https://www.threads.com/@icelandcatreborn/post/DapKwwKk9Ln
743016960_18143626375496808_3929402441851809256_n.webp,one after another NICE CLAUP,袖ボリュームブラウス,https://wear.jp/item/46602947/,極簡系列-細格泡泡短袖襯衫,https://www.hahababyselect.com/products/%E6%A5%B5%E7%B0%A1%E7%B3%BB%E5%88%97-%E7%B4%B0%E6%A0%BC%E6%B3%A1%E6%B3%A1%E7%9F%AD%E8%A2%96%E8%A5%AF%E8%A1%AB-1,,,,https://web.archive.org/web/20260717161730/https://www.hahababyselect.com/products/%E6%A5%B5%E7%B0%A1%E7%B3%BB%E5%88%97-%E7%B4%B0%E6%A0%BC%E6%B3%A1%E6%B3%A1%E7%9F%AD%E8%A2%96%E8%A5%AF%E8%A1%AB-1,icelandcatreborn,https://www.threads.com/@icelandcatreborn/post/DapKwwKk9Ln
743187195_18143626390496808_4182319720125075395_n.webp,niko and...,niko and女【MODE NORM CORE】丹寧牛仔拼色長褲-四色-496199,https://www.dot-st.tw/SalePage/Index/11040209,極簡系列-大人拼接牛仔寬褲,https://www.hahababyselect.com/products/%E6%A5%B5%E7%B0%A1%E7%B3%BB%E5%88%97-%E5%A4%A7%E4%BA%BA%E6%8B%BC%E6%8E%A5%E7%89%9B%E4%BB%94%E5%AF%AC%E8%A4%B2,,,1,https://web.archive.org/web/20260421042456/https://www.hahababyselect.com/products/%E6%A5%B5%E7%B0%A1%E7%B3%BB%E5%88%97-%E5%A4%A7%E4%BA%BA%E6%8B%BC%E6%8E%A5%E7%89%9B%E4%BB%94%E5%AF%AC%E8%A4%B2,icelandcatreborn,https://www.threads.com/@icelandcatreborn/post/DapKwwKk9Ln
743234554_18143626342496808_8970578222337513088_n.webp,RODEO CROWNS WIDE BOWL,ビッグリボンデニムパンツ,https://www.ec-store.net/sws/g/g13711783/,大蝴蝶結寬版牛仔長褲,https://www.hahababyselect.com/products/%E5%A4%A7%E8%9D%B4%E8%9D%B6%E7%B5%90%E5%AF%AC%E7%89%88%E7%89%9B%E4%BB%94%E9%95%B7%E8%A4%B2,https://shopee.tw/%E3%80%90hahababy%E3%80%91%E5%A4%A7%E8%9D%B4%E8%9D%B6%E7%B5%90%E5%AF%AC%E7%89%88%E7%89%9B%E4%BB%94%E9%95%B7%E8%A4%B2-i.780247315.49860808621,https://www.facebook.com/hahababyselect/posts/pfbid0MpFJqgnmLtev1z8zJrm5znYwrdqX9LsTL8ZStPHVTHM5rUevug3KtWdSdi8zFfDyl,1,,icelandcatreborn,https://www.threads.com/@icelandcatreborn/post/DapKwwKk9Ln
743270133_18143626369496808_1419109695452509172_n.webp,ADAM ET ROPÉ ,【洗える】アシメバルーンワンピース （ベージュ系（28））,https://www.magaseek.com/commodity/SJUN1982D/A01578EW026275/,極簡系列-短袖層次尼龍連身裙,https://www.hahababyselect.com/products/%E6%A5%B5%E7%B0%A1%E7%B3%BB%E5%88%97-%E7%9F%AD%E8%A2%96%E5%B1%A4%E6%AC%A1%E5%B0%BC%E9%BE%8D%E9%80%A3%E8%BA%AB%E8%A3%99,https://shopee.tw/%E3%80%90hahababy%E3%80%91%E6%A5%B5%E7%B0%A1%E7%B3%BB%E5%88%97-%E7%9F%AD%E8%A2%96%E5%B1%A4%E6%AC%A1%E5%B0%BC%E9%BE%8D%E9%80%A3%E8%BA%AB%E8%A3%99-i.780247315.48562280897,https://www.facebook.com/hahababyselect/posts/pfbid02T44xLHZcdqkDby1D1bT8NhzmS5DxW1pR1ASAgWoG4y6q8RzEYFt936G3JTAYQmL2l,1,,icelandcatreborn,https://www.threads.com/@icelandcatreborn/post/DapKwwKk9Ln
743811477_18143626393496808_9051821953287898627_n.webp,HELLO.SANFRANCISCO,【HELLO.SANFRANCISCO】ワッフルフレアパンツ,https://zozo.jp/shop/ciaopanictypy/goods/93064663/?did=150556278,極簡系列-大人荷葉車邊喇叭長褲,https://www.hahababyselect.com/products/%E6%A5%B5%E7%B0%A1%E7%B3%BB%E5%88%97-%E5%A4%A7%E4%BA%BA%E8%8D%B7%E8%91%89%E8%BB%8A%E9%82%8A%E5%96%87%E5%8F%AD%E9%95%B7%E8%A4%B2,https://shopee.tw/%E3%80%90hahababy%E3%80%91%E6%A5%B5%E7%B0%A1%E7%B3%BB%E5%88%97-%E5%A4%A7%E4%BA%BA%E8%8D%B7%E8%91%89%E8%BB%8A%E9%82%8A%E5%96%87%E5%8F%AD%E9%95%B7%E8%A4%B2-i.780247315.56308781215,,1,https://web.archive.org/web/20260421042957/https://www.hahababyselect.com/products/%E6%A5%B5%E7%B0%A1%E7%B3%BB%E5%88%97-%E5%A4%A7%E4%BA%BA%E8%8D%B7%E8%91%89%E8%BB%8A%E9%82%8A%E5%96%87%E5%8F%AD%E9%95%B7%E8%A4%B2,icelandcatreborn,https://www.threads.com/@icelandcatreborn/post/DapKwwKk9Ln
744661431_18143626318496808_5166149172784432878_n.webp,RODEO CROWNS WIDE BOWL,Heart Leopard Tシャツ,https://www.ec-store.net/sws/g/g13613024/,Haha擁豹-大人落肩上衣,https://www.hahababyselect.com/products/haha%E6%93%81%E8%B1%B9-%E5%A4%A7%E4%BA%BA%E8%90%BD%E8%82%A9%E4%B8%8A%E8%A1%A3,https://shopee.tw/%E3%80%90hahababy%E3%80%91Haha%E6%93%81%E8%B1%B9-%E5%A4%A7%E4%BA%BA%E8%90%BD%E8%82%A9%E4%B8%8A%E8%A1%A3-i.780247315.50860497856,https://www.instagram.com/reel/DZHiZu8TVDt/,,https://web.archive.org/web/20260717161759/https://www.hahababyselect.com/products/haha%E6%93%81%E8%B1%B9-%E5%A4%A7%E4%BA%BA%E8%90%BD%E8%82%A9%E4%B8%8A%E8%A1%A3,icelandcatreborn,https://www.threads.com/@icelandcatreborn/post/DapKwwKk9Ln
743108585_18143492377496808_848348369416403277_n.webp,FIZZ,,,大人條紋蕾絲POLO短褲套裝,https://www.hahababyselect.com/products/%E5%A4%A7%E4%BA%BA%E6%A2%9D%E7%B4%8B%E8%95%BE%E7%B5%B2polo%E7%9F%AD%E8%A4%B2%E5%A5%97%E8%A3%9D,https://shopee.tw/%E3%80%90hahababy%E3%80%91%E5%A4%A7%E4%BA%BA%E6%A2%9D%E7%B4%8B%E8%95%BE%E7%B5%B2POLO%E7%9F%AD%E8%A4%B2%E5%A5%97%E8%A3%9D-i.780247315.53513154243,,1,,icelandcatreborn,https://www.threads.com/@icelandcatreborn/post/DaoA5vME14z
742581237_18143593864496808_525081955662715846_n.png,Mari&co,,,大人蕾絲拼接花瓣短褲,https://www.hahababyselect.com/products/%E5%A4%A7%E4%BA%BA%E8%95%BE%E7%B5%B2%E6%8B%BC%E6%8E%A5%E8%8A%B1%E7%93%A3%E7%9F%AD%E8%A4%B2,,,1,https://web.archive.org/web/20260715150730/https://www.hahababyselect.com/products/%E5%A4%A7%E4%BA%BA%E6%A2%9D%E7%B4%8B%E8%95%BE%E7%B5%B2polo%E7%9F%AD%E8%A4%B2%E5%A5%97%E8%A3%9D,icelandcatreborn,https://www.threads.com/@icelandcatreborn/post/Dao67Qzk_fw
748740321_18145524577496808_5564614404689534532_n.webp,SOU・SOU,有松鳴海紮染 短袖襯衫,https://www.sousou.co.jp/zh-hant-tw/collections/yousou-arimatsu-shirt-ss,無袖襯衫魚尾裙&短袖襯衫,,,https://www.facebook.com/watch/?v=8059117070832408,1,,icelandcatreborn,https://www.threads.com/@icelandcatreborn/post/Da2s4MCk4lf
743499026_17921025885402216_3382283555415317527_n.png,RETRO GIRL,メニーリボンワッフルCT,https://www.retro-girl.jp/item/108802.html,極簡系列-大人小蝴蝶結短版上衣,https://www.hahababyselect.com/products/%E6%A5%B5%E7%B0%A1%E7%B3%BB%E5%88%97-%E5%A4%A7%E4%BA%BA%E5%B0%8F%E8%9D%B4%E8%9D%B6%E7%B5%90%E7%9F%AD%E7%89%88%E4%B8%8A%E8%A1%A3,,,1,,loveaable999,https://www.threads.com/@loveaable999/post/Daoe1QbCWwd
744141405_18134085688560342_5782343493279958191_n.jpg,GRL,フリルリボンドロストショルダーバッグ,https://www.grail.bz/disp/item/at2754/,綁帶層次蛋糕包,https://www.hahababyselect.com/products/%E7%B6%81%E5%B8%B6%E5%B1%A4%E6%AC%A1%E8%9B%8B%E7%B3%95%E5%8C%85,https://shopee.tw/%E3%80%90hahababy%E3%80%91%E7%B6%81%E5%B8%B6%E5%B1%A4%E6%AC%A1%E8%9B%8B%E7%B3%95%E5%8C%85-i.780247315.51163156982,,1,,kis88818188,https://www.threads.com/@kis88818188/post/Dassu9ciYJm
747468487_17937980379271214_4765606769736215886_n.jpg,REAL STYLE,チュールショルダー,https://store.shopping.yahoo.co.jp/ruckruck/spdds112.html,素色網紗-澎澎掛肩配飾,https://www.hahababyselect.com/products/%E7%B4%A0%E8%89%B2%E7%B6%B2%E7%B4%97-%E6%BE%8E%E6%BE%8E%E6%8E%9B%E8%82%A9%E9%85%8D%E9%A3%BE,,,,https://web.archive.org/web/20260717161810/https://www.hahababyselect.com/products/%E7%B4%A0%E8%89%B2%E7%B6%B2%E7%B4%97-%E6%BE%8E%E6%BE%8E%E6%8E%9B%E8%82%A9%E9%85%8D%E9%A3%BE,hatti0110_______,https://www.threads.com/@hatti0110_______/post/DauNEDbkefk
746729824_17937980343271214_1270673683778676903_n.jpg,Wood Which Flows,巾着ショルダーバッグ,https://item.rakuten.co.jp/woodwhichflows/wh-01794/,絎縫斜背包,https://www.hahababyselect.com/products/%E7%B5%8E%E7%B8%AB%E6%96%9C%E8%83%8C%E5%8C%85,https://shopee.tw/%E3%80%90hahababy%E3%80%91%E7%B5%8E%E7%B8%AB%E6%96%9C%E8%83%8C%E5%8C%85-i.780247315.28625708110,https://www.facebook.com/hahababyselect/posts/pfbid02fYZwrnUVSVrzJXLMvmTTyQPLZzfM32SUkkayN9zuP3vDCHRUdm787X8XmhzwGGJ2l,,https://web.archive.org/web/20260717161903/https://www.hahababyselect.com/products/%E7%B5%8E%E7%B8%AB%E6%96%9C%E8%83%8C%E5%8C%85,hatti0110_______,https://www.threads.com/@hatti0110_______/post/DauNEDbkefk
749213803_17952815430320281_7843309671057759215_n.jpg,BROWN THEATRE PRODUCTS,メッシュフリルシューズバッグ,https://paypayfleamarket.yahoo.co.jp/item/z444629934,花瓣束口提包,https://www.hahababyselect.com/products/%E8%8A%B1%E7%93%A3%E6%9D%9F%E5%8F%A3%E6%8F%90%E5%8C%85,https://shopee.tw/%E3%80%90hahababy%E3%80%91%E8%8A%B1%E7%93%A3%E6%9D%9F%E5%8F%A3%E6%8F%90%E5%8C%85-i.780247315.28482053597,https://www.facebook.com/watch/?v=3537448183053927,1,https://web.archive.org/web/20260121133849/https://www.hahababyselect.com/products/%E8%8A%B1%E7%93%A3%E6%9D%9F%E5%8F%A3%E6%8F%90%E5%8C%85,hydralulu,https://www.threads.com/@hydralulu/post/Da28wmSktiJ
747198246_18098947130058513_2037692334381991981_n.jpg,AUVER_FIT,,https://www.instagram.com/reels/C8tlhLMOhB4/,皺皺布-澎澎短袖綁帶套裝,https://www.hahababyselect.com/products/%E7%9A%BA%E7%9A%BA%E5%B8%83-%E6%BE%8E%E6%BE%8E%E7%9F%AD%E8%A2%96%E7%B6%81%E5%B8%B6%E5%A5%97%E8%A3%9D?srsltid=AfmBOorOpegVONy_gafXL-rzmmyLWYi0gHB2SZMEEEL6I9M8fjbOyC39,https://shopee.tw/%E3%80%90hahababy%E3%80%91%E7%9A%BA%E7%9A%BA%E5%B8%83-%E6%BE%8E%E6%BE%8E%E7%9F%AD%E8%A2%96%E7%B6%81%E5%B8%B6%E5%A5%97%E8%A3%9D-i.780247315.55461227749,,1,https://web.archive.org/web/20260715150730/https://www.hahababyselect.com/products/%E7%9A%BA%E7%9A%BA%E5%B8%83-%E6%BE%8E%E6%BE%8E%E7%9F%AD%E8%A2%96%E7%B6%81%E5%B8%B6%E5%A5%97%E8%A3%9D,a.wan23wan,https://www.threads.com/@a.wan23wan/post/DazV4OGkXBv
747669632_17975041908115782_6556607647883437012_n.jpg,FREAK'S STORE,可切換束腰套衫,https://www.orangebeartw.com/products/ralph-lauren-%E5%9C%93%E9%A0%98%E5%8C%85%E9%82%8A%E7%B4%B0%E6%A2%9D%E7%B4%8B%E7%9F%AD%E8%A2%96%E6%A3%89t%E6%81%A4-1-1-2-2-1-1-1-1-1-1-1-1-1-1-1-2-1-1-1-1-1-1-1-3-1-1-1-1-1-1-1-1-1-1-2-4-7-1-1-1-1-1-1-1-2-2-1-2-1-1,下擺皺摺娃娃長袖上衣,https://www.hahababyselect.com/products/%E4%B8%8B%E6%93%BA%E7%9A%BA%E6%91%BA%E5%A8%83%E5%A8%83%E9%95%B7%E8%A2%96%E4%B8%8A%E8%A1%A3,https://shopee.tw/%E3%80%90hahababy%E3%80%91%E4%B8%8B%E6%93%BA%E7%9A%BA%E6%91%BA%E5%A8%83%E5%A8%83%E9%95%B7%E8%A2%96%E4%B8%8A%E8%A1%A3-i.780247315.55204034783,,1,https://web.archive.org/web/20260122165443/https://www.hahababyselect.com/products/%E4%B8%8B%E6%93%BA%E7%9A%BA%E6%91%BA%E5%A8%83%E5%A8%83%E9%95%B7%E8%A2%96%E4%B8%8A%E8%A1%A3,liushinyu0520,https://www.threads.com/@liushinyu0520/post/Da0XrzQGpZU
749066410_17920696443402764_5522006964367941865_n.jpg,Sun Earth&U,防水斜背包,https://shopee.tw/2025%E6%96%B0%E6%AC%BE%E5%96%AE%E8%82%A9%E5%8C%85OSAKA-sun-earth-u%E6%97%A5%E6%9C%AC%E9%98%B2%E6%B0%B4%E6%96%9C%E8%83%8C%E5%8C%85-%E6%97%A5%E7%B3%BB%E8%A1%97%E9%A0%AD%E6%BD%AE%E6%B5%81%E6%8B%BC%E8%89%B2%E5%8C%85-%E6%88%B6%E5%A4%96%E4%BC%91%E9%96%92%E5%96%AE%E8%82%A9%E5%8C%85-%E5%A4%9A%E5%8A%9F%E8%83%BD%E6%A9%9F%E8%83%BD%E6%A9%9F%E8%BB%8A%E5%8C%85-i.821063621.24743783074,郵差包,https://www.hahababyselect.com/products/%E9%83%B5%E5%B7%AE%E5%8C%85,,https://www.facebook.com/hahababyselect/posts/pfbid0TiHynSctzkeaV6jWUqLh1Ht9NjrbKywfsiDidSjhewyW6GzJi2chyZnpLQQHUtqdl,,https://web.archive.org/web/20260717161927/https://www.hahababyselect.com/products/%E9%83%B5%E5%B7%AE%E5%8C%85,amber_yayaya,https://www.threads.com/@amber_yayaya/post/Da0m3ock6AT
747718824_17975185683118258_3299103379836921411_n.png,MARKEY'S,先染めボーダーチュールドッキングワンピース,https://markeys-online.jp/c/onepiece/b-9705,細條紋-大人接網紗短袖洋裝上衣,https://www.hahababyselect.com/products/%E7%B4%B0%E6%A2%9D%E7%B4%8B-%E5%A4%A7%E4%BA%BA%E6%8E%A5%E7%B6%B2%E7%B4%97%E7%9F%AD%E8%A2%96%E6%B4%8B%E8%A3%9D%E4%B8%8A%E8%A1%A3,https://shopee.tw/%E3%80%90hahababy%E3%80%91%E7%B4%B0%E6%A2%9D%E7%B4%8B-%E5%A4%A7%E4%BA%BA%E6%8E%A5%E7%B6%B2%E7%B4%97%E7%9F%AD%E8%A2%96%E6%B4%8B%E8%A3%9D%E4%B8%8A%E8%A1%A3-i.780247315.42360770414,,,https://web.archive.org/web/20260717161935/https://www.hahababyselect.com/products/%E7%B4%B0%E6%A2%9D%E7%B4%8B-%E5%A4%A7%E4%BA%BA%E6%8E%A5%E7%B6%B2%E7%B4%97%E7%9F%AD%E8%A2%96%E6%B4%8B%E8%A3%9D%E4%B8%8A%E8%A1%A3,y.t_kao,https://www.threads.com/@y.t_kao/post/Da1oufMkTwY
748278770_17974925175116304_5286498801174917996_n.jpg,倭物やカヤ,あわせ八掛ワンピース / 帯風ベルト,https://www.cayhane.jp/shop/e/ekayaMN_dD_srd/,日式感腰封洋裝,https://www.hahababyselect.com/products/%E6%97%A5%E5%BC%8F%E6%84%9F%E8%85%B0%E5%B0%81%E6%B4%8B%E8%A3%9D,,https://www.facebook.com/hahababyselect/posts/pfbid02wYdrw4DGj92tiV9s5cNXgB1HDS6P7zwPZgst6XEdKtW3np2nD3uP2aD2v2NXKZUFl,1,https://web.archive.org/web/20260717162148/https://www.hahababyselect.com/products/%E6%97%A5%E5%BC%8F%E6%84%9F%E8%85%B0%E5%B0%81%E6%B4%8B%E8%A3%9D,6.7.7,https://www.threads.com/@6.7.7/post/Da0h8vlCee_
748343246_2629453927449924_4754122865655939682_n.jpg,DOD,WALLET SHOULDER BAG BOOK,https://www.hmv.co.jp/artist_%E3%83%96%E3%83%A9%E3%83%B3%E3%83%89%E4%BB%98%E9%8C%B2%E3%81%A4%E3%81%8D%E3%83%A0%E3%83%83%E3%82%AF%E6%9C%AC%E3%83%BB%E9%9B%91%E8%AA%8C_000000000447001/item_DOD-WALLET-SHOULDER-BAG-BOOK-BLACK-%E3%80%90%E3%83%AD%E3%83%BC%E3%82%BD%E3%83%B3%E3%83%BBHMV%E9%99%90%E5%AE%9A%E3%80%91_12692786,多功能收納小包,,https://shopee.tw/product/9967105/27971333034,https://www.instagram.com/p/C4AbiLVLnaI/,1,,ANONYMOUS,
749259795_17976532764105522_3424728928561733051_n.jpg,SOU・SOU,高島縮棉40/40 方領上衣六分袖／微笑,https://www.sousou.co.jp/zh-hant-tw/products/5113144,三角紗布口水巾,https://www.hahababyselect.com/products/%E4%B8%89%E8%A7%92%E7%B4%97%E5%B8%83%E5%8F%A3%E6%B0%B4%E5%B7%BE,https://shopee.tw/%E3%80%90hahababy%E3%80%91%E4%B8%89%E8%A7%92%E7%B4%97%E5%B8%83%E5%8F%A3%E6%B0%B4%E5%B7%BE-i.780247315.49163177556,,1,https://web.archive.org/web/20260711103746/https://www.hahababyselect.com/products/%E4%B8%89%E8%A7%92%E7%B4%97%E5%B8%83%E5%8F%A3%E6%B0%B4%E5%B7%BE,shan_3345,https://www.threads.com/@shan_3345/post/Da5aGeaAZnZ
749259795_17976532764105522_3424728928561733051_n.jpg,SOU・SOU,高島縮棉40/40 方領上衣六分袖／微笑,https://www.sousou.co.jp/zh-hant-tw/products/5113144,雙色超值組-長袖針織純棉包屁衣,https://www.hahababyselect.com/products/%E9%9B%99%E8%89%B2%E8%B6%85%E5%80%BC%E7%B5%84-%E9%95%B7%E8%A2%96%E9%87%9D%E7%B9%94%E7%B4%94%E6%A3%89%E5%8C%85%E5%B1%81%E8%A1%A3,,https://www.instagram.com/hahababyselect/p/C1Jx9zPPOQt/,,https://web.archive.org/web/20260718131454/https://www.hahababyselect.com/products/%E9%9B%99%E8%89%B2%E8%B6%85%E5%80%BC%E7%B5%84-%E9%95%B7%E8%A2%96%E9%87%9D%E7%B9%94%E7%B4%94%E6%A3%89%E5%8C%85%E5%B1%81%E8%A1%A3,shan_3345,https://www.threads.com/@shan_3345/post/Da5aGeaAZnZ
746073496_2045744570149935_3850500364058869292_n.jpg,BEAMS,BEAMS BOY / 女裝 USN 水手 背心,https://www.beams.tw/item/beamsboy/blouson/13060280452/,極簡系列-牛仔工裝口袋背心,https://www.hahababyselect.com/products/%E6%A5%B5%E7%B0%A1%E7%B3%BB%E5%88%97-%E7%89%9B%E4%BB%94%E5%B7%A5%E8%A3%9D%E5%8F%A3%E8%A2%8B%E8%83%8C%E5%BF%83,https://shopee.tw/%E3%80%90hahababy%E3%80%91%E6%A5%B5%E7%B0%A1%E7%B3%BB%E5%88%97-%E7%89%9B%E4%BB%94%E5%B7%A5%E8%A3%9D%E5%8F%A3%E8%A2%8B%E8%83%8C%E5%BF%83-i.780247315.49061243279,https://www.instagram.com/p/DYlnCBhk_xc,1,https://web.archive.org/web/20260718132046/https://www.hahababyselect.com/products/%E6%A5%B5%E7%B0%A1%E7%B3%BB%E5%88%97-%E7%89%9B%E4%BB%94%E5%B7%A5%E8%A3%9D%E5%8F%A3%E8%A2%8B%E8%83%8C%E5%BF%83,shan_3345,
746164170_17897962092506529_38006936272516965_n.jpg,Lululemon ,後背扭結造型長袖罩衫,https://shopee.tw/Lululemon-%E5%BE%8C%E8%83%8C%E6%89%AD%E7%B5%90%E9%80%A0%E5%9E%8B%E9%95%B7%E8%A2%96%E7%BD%A9%E8%A1%AB-i.3007297.28336666916,極簡系列-兩穿扭結短版上衣,https://www.hahababyselect.com/products/%E6%A5%B5%E7%B0%A1%E7%B3%BB%E5%88%97-%E5%85%A9%E7%A9%BF%E6%89%AD%E7%B5%90%E7%9F%AD%E7%89%88%E4%B8%8A%E8%A1%A3,https://shopee.tw/product/780247315/54062243528,https://www.facebook.com/watch/?v=1059233749793896,1,,ANONYMOUS,
747207227_27039356509074958_1401552222950505296_n.jpg,SOU・SOU,SOU・SOU×KOKUYO 包中包／SO-SU-U十數黑色,https://www.sousou.co.jp/zh-hant-tw/collections/kokuyo-bag-in-bag,包中包(附背帶),https://www.hahababyselect.com/products/%E5%8C%85%E4%B8%AD%E5%8C%85%E9%99%84%E8%83%8C%E5%B8%B6,https://shopee.tw/%E3%80%90hahababy%E3%80%91-%E5%8C%85%E4%B8%AD%E5%8C%85(%E9%99%84%E8%83%8C%E5%B8%B6)-%E5%A4%9A%E6%AC%BE%E5%8F%AF%E9%81%B8-i.952833437.25038236023,https://www.instagram.com/p/C4aTE3NPaN7,,https://web.archive.org/web/20260718142703/https://www.hahababyselect.com/products/%E5%8C%85%E4%B8%AD%E5%8C%85%E9%99%84%E8%83%8C%E5%B8%B6,ANONYMOUS,
748978364_17978305887107045_9107174749939153373_n.jpg,Shupatto ,燈籠型日常素色秒收環保啪啪包,https://www.uniarts.com/products/shupatto%E7%87%88%E7%B1%A0%E5%9E%8B%E6%97%A5%E5%B8%B8%E7%B4%A0%E8%89%B2%E7%A7%92%E6%94%B6%E7%92%B0%E4%BF%9D%E5%95%AA%E5%95%AA%E5%8C%85-%E5%B0%8F-%E5%A4%9A%E8%89%B2-sh-s514b,隨行肩背摺疊收納袋,https://www.hahababyselect.com/products/%E9%9A%A8%E8%A1%8C%E8%82%A9%E8%83%8C%E6%91%BA%E7%96%8A%E6%94%B6%E7%B4%8D%E8%A2%8B,https://shopee.tw/%E3%80%90hahababy%E3%80%91%E9%9A%A8%E8%A1%8C%E8%82%A9%E8%83%8C%E6%91%BA%E7%96%8A%E6%94%B6%E7%B4%8D%E8%A2%8B-i.780247315.45863924530,,1,https://web.archive.org/web/20260718183216/https://www.hahababyselect.com/products/%E9%9A%A8%E8%A1%8C%E8%82%A9%E8%83%8C%E6%91%BA%E7%96%8A%E6%94%B6%E7%B4%8D%E8%A2%8B,uni._.9356,https://www.threads.com/@uni._.9356/post/Da8EdD0k1Cr
748829457_18146252104496808_8938353588799350948_n.webp,one way,セパレートデニムパンツ,https://wear.jp/item/71060924/,大人牛仔兩截剪裁寬褲,https://www.hahababyselect.com/products/%E5%A4%A7%E4%BA%BA%E7%89%9B%E4%BB%94%E5%85%A9%E6%88%AA%E5%89%AA%E8%A3%81%E5%AF%AC%E8%A4%B2,https://shopee.tw/%E3%80%90hahababy%E3%80%91%E5%A4%A7%E4%BA%BA%E7%89%9B%E4%BB%94%E5%85%A9%E6%88%AA%E5%89%AA%E8%A3%81%E5%AF%AC%E8%A4%B2-i.780247315.48562277383,https://www.facebook.com/hahababyselect/posts/pfbid0TpC5KrevoxekmVjkRVsxyqofWhJ3pVwybdHBNwYTBWjqHLfXAKL3gogubVUi1Xeql,1,https://web.archive.org/web/20260718184809/https://www.hahababyselect.com/products/%E5%A4%A7%E4%BA%BA%E7%89%9B%E4%BB%94%E5%85%A9%E6%88%AA%E5%89%AA%E8%A3%81%E5%AF%AC%E8%A4%B2,icelandcatreborn,https://www.threads.com/@icelandcatreborn/post/Da8AZOVk97C
751751887_18146252122496808_778291147096659568_n.png,Urban Research,KBF デニムスリーブリメイクシャツ,https://voi.0101.co.jp/voi/wsg/wrt-5_mcd-CF021_cpg-233_pno-00_ino-01.html,皺皺布-牛仔拼袖襯衫,https://www.hahababyselect.com/products/%E7%9A%BA%E7%9A%BA%E5%B8%83-%E7%89%9B%E4%BB%94%E6%8B%BC%E8%A2%96%E8%A5%AF%E8%A1%AB,,https://www.facebook.com/hahababyselect/posts/pfbid02sbJ7uvYkpuycwbQ1ocjwoMyzCCjret2U47YnTbEMNFhUViX5wnF2dkPoYKPx5zGUl,1,https://web.archive.org/web/20260718185727/https://www.hahababyselect.com/products/%E7%9A%BA%E7%9A%BA%E5%B8%83-%E7%89%9B%E4%BB%94%E6%8B%BC%E8%A2%96%E8%A5%AF%E8%A1%AB,icelandcatreborn,https://www.threads.com/@icelandcatreborn/post/Da8AZOVk97C
749652790_18099509999058513_5171053293017664971_n.jpg,niko and...,クロップドレイヤーセットプルオーバー,https://wear.jp/item/77015429/,短版長袖 + 無袖背心兩件組,,https://shopee.tw/hahababy-%E7%9F%AD%E7%89%88%E9%95%B7%E8%A2%96-%E7%84%A1%E8%A2%96%E8%83%8C%E5%BF%83%E5%85%A9%E4%BB%B6%E5%A5%97L-i.49492859.28732936057,https://youtu.be/wLFDFGIIMUA?t=4248,1,,a.wan23wan,https://www.threads.com/@a.wan23wan/post/Da8B7yGksom
752524892_18097949279196147_2628767674615756217_n.png,UN3D.,round line safari aio,https://tenderselection.com/products/round-line-safari-aio,極簡系列-大人背心寬褲,https://www.hahababyselect.com/products/%E6%A5%B5%E7%B0%A1%E7%B3%BB%E5%88%97-%E5%A4%A7%E4%BA%BA%E8%83%8C%E5%BF%83%E5%AF%AC%E8%A4%B2,https://shopee.tw/%E3%80%90hahababy%E3%80%91%E6%A5%B5%E7%B0%A1%E7%B3%BB%E5%88%97-%E5%A4%A7%E4%BA%BA%E8%83%8C%E5%BF%83%E5%AF%AC%E8%A4%B2-i.780247315.40079829967,https://www.facebook.com/hahababyselect/posts/pfbid0fGBvn5SfJ8V6S7LCWSJSDmJy8akbg9vNwYEguYvoK9bUjiAhn2fjPy6Esu47PDTKl,1,https://web.archive.org/web/20260718193310/https://www.hahababyselect.com/products/%E6%A5%B5%E7%B0%A1%E7%B3%BB%E5%88%97-%E5%A4%A7%E4%BA%BA%E8%83%8C%E5%BF%83%E5%AF%AC%E8%A4%B2,zp_liping,https://www.threads.com/@zp_liping/post/Da8W4bbGW6v
742301102_18146408719496808_3199362615768596745_n.webp,Mari&co,無商品名,https://www.instagram.com/p/DODw3BWCfI0/?img_index=8,極簡系列-褲管可拆牛仔長褲,https://www.hahababyselect.com/products/%E6%A5%B5%E7%B0%A1%E7%B3%BB%E5%88%97-%E8%A4%B2%E7%AE%A1%E5%8F%AF%E6%8B%86%E7%89%9B%E4%BB%94%E9%95%B7%E8%A4%B2,https://shopee.tw/%E3%80%90hahababy%E3%80%91%E6%A5%B5%E7%B0%A1%E7%B3%BB%E5%88%97-%E8%A4%B2%E7%AE%A1%E5%8F%AF%E6%8B%86%E7%89%9B%E4%BB%94%E9%95%B7%E8%A4%B2-i.780247315.48407758606,,1,https://web.archive.org/web/20260421035954/https://www.hahababyselect.com/products/%E6%A5%B5%E7%B0%A1%E7%B3%BB%E5%88%97-%E8%A4%B2%E7%AE%A1%E5%8F%AF%E6%8B%86%E7%89%9B%E4%BB%94%E9%95%B7%E8%A4%B2,icelandcatreborn,https://www.threads.com/@icelandcatreborn/post/Da9YDuKE95s
743118223_17898110223473211_2009060007321535091_n.jpg,niko and...,BOYSフィールドベスト,https://zozo.jp/shop/nikoand/goods-sale/103089996/,極簡系列-大人收腰工裝背心,https://www.hahababyselect.com/products/%E6%A5%B5%E7%B0%A1%E7%B3%BB%E5%88%97-%E5%A4%A7%E4%BA%BA%E6%94%B6%E8%85%B0%E5%B7%A5%E8%A3%9D%E8%83%8C%E5%BF%83,https://shopee.tw/%E3%80%90hahababy%E3%80%91%E6%A5%B5%E7%B0%A1%E7%B3%BB%E5%88%97-%E5%A4%A7%E4%BA%BA%E6%94%B6%E8%85%B0%E5%B7%A5%E8%A3%9D%E8%83%8C%E5%BF%83-i.780247315.44280415947,https://www.facebook.com/hahababyselect/posts/new%E6%94%B6%E8%85%B0%E5%B7%A5%E8%A3%9D%E8%83%8C%E5%BF%83%E5%8D%A1%E5%85%B6%E8%89%B2%E8%97%8D%E8%89%B2%E5%85%A9%E8%89%B2%E5%8F%AF%E9%81%B8free-size%E4%B8%AD%E6%80%A7%E7%89%88%E5%9E%8B%E7%B4%94%E6%A3%89%E6%96%9C%E7%B4%8B%E9%87%8D%E7%A3%85%E5%B8%83%E6%96%99%E7%89%88%E5%9E%8B%E7%A1%AC%E6%8C%BA%E5%85%BC%E9%A1%A7%E8%A6%AA%E8%86%9A%E8%88%92%E9%81%A9%E5%A4%9A%E5%8F%A3%E8%A2%8B%E5%B7%A5%E8%A3%9D%E6%84%9F%E8%A8%AD%E8%A8%88%E8%85%B0%E9%96%93%E6%8A%BD%E7%B9%A9%E5%8F%AF%E8%AA%BF%E7%AF%80-mit/1271051581876772/,,https://web.archive.org/web/20260720161040/https://www.hahababyselect.com/products/%E6%A5%B5%E7%B0%A1%E7%B3%BB%E5%88%97-%E5%A4%A7%E4%BA%BA%E6%94%B6%E8%85%B0%E5%B7%A5%E8%A3%9D%E8%83%8C%E5%BF%83,ashiun_____,https://www.threads.com/@ashiun_____/post/DaoL9IfE3sm
743545589_17898110259473211_5730786940286837910_n.jpg,niko and...,フリルティアードベスト,https://wear.jp/item/79620204/,大人蛋糕層次上衣,https://www.hahababyselect.com/products/%E5%A4%A7%E4%BA%BA%E8%9B%8B%E7%B3%95%E5%B1%A4%E6%AC%A1%E4%B8%8A%E8%A1%A3,,,1,https://web.archive.org/web/20251008191351/https://www.hahababyselect.com/products/%E5%A4%A7%E4%BA%BA%E8%9B%8B%E7%B3%95%E5%B1%A4%E6%AC%A1%E4%B8%8A%E8%A1%A3,ashiun_____,https://www.threads.com/@ashiun_____/post/DaoL9IfE3sm
744858381_18054918452537011_6521525990835236304_n.jpg,チチカカ,エッグタックパンツ,https://store.shopping.yahoo.co.jp/titicaca-y/psjba036.html,極簡系列-大人九分寬褲,https://www.hahababyselect.com/products/69e0546978de8b147c5e7cf9,,https://www.instagram.com/p/DXVwa8aExMa/,1,https://web.archive.org/web/20260519064246/https://www.hahababyselect.com/products/69e0546978de8b147c5e7cf9,shop3babies,https://www.threads.com/@shop3babies/post/DaqOMsBEncQ
fs6713-01_1.png,ADAM ET ROPÉ ,テントラインシャツワンピース,https://item.rakuten.co.jp/adametrope/fs6713/,皺皺布-無袖A字寬版洋裝,https://www.hahababyselect.com/products/%E7%9A%BA%E7%9A%BA%E5%B8%83-%E7%84%A1%E8%A2%96a%E5%AD%97%E5%AF%AC%E7%89%88%E6%B4%8B%E8%A3%9D,,https://www.facebook.com/hahababyselect/posts/pfbid0Wy1Z1bMrab4LZGnPDAWu3JmtLq5dMveRrgBcUcF8V3Cva5ThijSw8VaAgph7bxVYl,,https://web.archive.org/web/20260720163335/https://www.hahababyselect.com/products/%E7%9A%BA%E7%9A%BA%E5%B8%83-%E7%84%A1%E8%A2%96a%E5%AD%97%E5%AF%AC%E7%89%88%E6%B4%8B%E8%A3%9D,ANONYMOUS,
753513206_17951988897196470_2180139988798194591_n.jpg,willfully,ストライプ シャツ,https://jp.mercari.com/item/m64589025923,皺皺布-大人寬鬆襯衫套裝,https://www.hahababyselect.com/products/%E7%9A%BA%E7%9A%BA%E5%B8%83-%E5%A4%A7%E4%BA%BA%E5%AF%AC%E9%AC%86%E8%A5%AF%E8%A1%AB%E5%A5%97%E8%A3%9D,https://shopee.tw/%E3%80%90hahababy%E3%80%91%E7%9A%BA%E7%9A%BA%E5%B8%83-%E5%A4%A7%E4%BA%BA%E5%AF%AC%E9%AC%86%E8%A5%AF%E8%A1%AB%E5%A5%97%E8%A3%9D-i.780247315.51560965547,https://www.instagram.com/p/DRJLWhZk0KJ,,https://web.archive.org/web/20260720173123/https://www.hahababyselect.com/products/%E7%9A%BA%E7%9A%BA%E5%B8%83-%E5%A4%A7%E4%BA%BA%E5%AF%AC%E9%AC%86%E8%A5%AF%E8%A1%AB%E5%A5%97%E8%A3%9D,y._.uy._.u,https://www.threads.com/@y._.uy._.u/post/DbBJVAnGHpD
753540907_17969772159120793_5348616668332390086_n.jpg,NISSEN,純棉短袖襯衫式腹卷睡衣-花朵-粉紅,https://mamilove.com.tw/market/270255,粉色心花開-兒童短袖短褲睡衣套裝,https://www.hahababyselect.com/products/%E7%B2%89%E8%89%B2%E5%BF%83%E8%8A%B1%E9%96%8B-%E5%85%92%E7%AB%A5%E7%9F%AD%E8%A2%96%E7%9F%AD%E8%A4%B2%E7%9D%A1%E8%A1%A3%E5%A5%97%E8%A3%9D,https://shopee.tw/%E3%80%90hahababy%E3%80%91%E7%B2%89%E8%89%B2%E5%BF%83%E8%8A%B1%E9%96%8B-%E5%85%92%E7%AB%A5%E7%9F%AD%E8%A2%96%E7%9F%AD%E8%A4%B2%E7%9D%A1%E8%A1%A3%E5%A5%97%E8%A3%9D-i.780247315.44469385159,,,https://web.archive.org/web/20260721182720/https://www.hahababyselect.com/products/%E7%B2%89%E8%89%B2%E5%BF%83%E8%8A%B1%E9%96%8B-%E5%85%92%E7%AB%A5%E7%9F%AD%E8%A2%96%E7%9F%AD%E8%A4%B2%E7%9D%A1%E8%A1%A3%E5%A5%97%E8%A3%9D,zoetermeerboy,https://www.threads.com/@zoetermeerboy/post/DbEBH2XD3F3
752674851_18081665285441654_5150343975635099567_n.jpg,Oink oink,美式街頭藍色雲朵拼接香蕉褲長褲女黃子弘凡同款,https://world.taobao.com/item/ZFVjWW1wbzR0ZVZvWlRZdFRMTmh3Zz09.htm,不規則斜紋拼布口袋褲,https://www.hahababyselect.com/products/%E4%B8%8D%E8%A6%8F%E5%89%87%E6%96%9C%E7%B4%8B%E6%8B%BC%E5%B8%83%E5%8F%A3%E8%A2%8B%E8%A4%B2,https://shopee.tw/%E3%80%90hahababy%E3%80%91%E4%B8%8D%E8%A6%8F%E5%89%87%E6%96%9C%E7%B4%8B%E6%8B%BC%E5%B8%83%E5%8F%A3%E8%A2%8B%E8%A4%B2-i.780247315.49654070205,,,https://www.threads.com/@liiching/post/DbDqHKon_Ye,liiching,https://www.threads.com/@liiching/post/DbDqHKon_Ye
751071177_1051213597266501_7359666492447198253_n.jpg,repipi armario,Tシャツワンピース,https://item.fril.jp/c670424aee5ba7c3949174fdef442bbf,大人拼色POLO長版上衣,https://www.hahababyselect.com/products/%E5%A4%A7%E4%BA%BA%E6%8B%BC%E8%89%B2polo%E9%95%B7%E7%89%88%E4%B8%8A%E8%A1%A3,https://shopee.tw/%E3%80%90hahababy%E3%80%91%E5%A4%A7%E4%BA%BA%E6%8B%BC%E8%89%B2POLO%E9%95%B7%E7%89%88%E4%B8%8A%E8%A1%A3-i.780247315.44762277826?extraParams=%7B%22display_model_id%22%3A321063552361%2C%22model_selection_logic%22%3A3%7DD,https://www.facebook.com/hahababyselect/photos/1319443327037597/,,https://web.archive.org/web/20260722050346/https://www.hahababyselect.com/products/%E5%A4%A7%E4%BA%BA%E6%8B%BC%E8%89%B2polo%E9%95%B7%E7%89%88%E4%B8%8A%E8%A1%A3,ANONYMOUS,
753880655_2032746800936101_4424426392244055830_n.jpg,Kodak,BROWNIE 布朗尼撞色燈芯絨襯衫外套,https://www.momoshop.com.tw/product/14931381,燈芯絨-大人拼色襯衫,https://www.hahababyselect.com/products/%E7%87%88%E8%8A%AF%E7%B5%A8-%E5%A4%A7%E4%BA%BA%E6%8B%BC%E8%89%B2%E8%A5%AF%E8%A1%AB,https://shopee.tw/%E3%80%90hahababy%E3%80%91%E7%87%88%E8%8A%AF%E7%B5%A8-%E5%A4%A7%E4%BA%BA%E6%8B%BC%E8%89%B2%E8%A5%AF%E8%A1%AB-i.780247315.50655767399,https://www.instagram.com/p/DTepXo2kyY7/,,https://web.archive.org/web/20260722050908/https://www.hahababyselect.com/products/%E7%87%88%E8%8A%AF%E7%B5%A8-%E5%A4%A7%E4%BA%BA%E6%8B%BC%E8%89%B2%E8%A5%AF%E8%A1%AB,ANONYMOUS,
753540800_17905328613459144_4108867318118678408_n.jpg,Any spoor,Any spoor國內正品代購長袖針織拼接上衣露肩83C533--990,https://e.tb.cn/h.8WdRqOP00Xiiv0o?tk=d617gG3y8BX,層次收腰短版上衣,https://www.hahababyselect.com/products/%E5%B1%A4%E6%AC%A1%E6%94%B6%E8%85%B0%E7%9F%AD%E7%89%88%E4%B8%8A%E8%A1%A3,https://shopee.tw/%E3%80%90hahababy%E3%80%91%E5%B1%A4%E6%AC%A1%E6%94%B6%E8%85%B0%E7%9F%AD%E7%89%88%E4%B8%8A%E8%A1%A3-i.780247315.51909688853,,1,https://web.archive.org/web/20260510151648/https://www.hahababyselect.com/products/%E5%B1%A4%E6%AC%A1%E6%94%B6%E8%85%B0%E7%9F%AD%E7%89%88%E4%B8%8A%E8%A1%A3,kiston17655,https://www.threads.com/messages/t/1006364118937151
754462599_17978201373113702_1947389350511025731_n.png,SOU・SOU,depo Nyan 羅紋針織帽／黑色,https://www.sousou.co.jp/zh-hant-tw/products/9435007,hahababy貓耳毛帽,https://www.hahababyselect.com/products/hahababy%E8%B2%93%E8%80%B3%E6%AF%9B%E5%B8%BD,,https://www.instagram.com/p/DTFrnFUE1KG/,,http://web.archive.org/web/20260723011739/https://www.hahababyselect.com/products/hahababy%E8%B2%93%E8%80%B3%E6%AF%9B%E5%B8%BD,shomaru0603,https://www.threads.com/@shomaru0603/post/DbHOc3pEwMh
753546387_17904659580460668_4993243553894547719_n.jpg,repipi armario,ワイドパンツ パンツ 「接触冷感」スリットリボンスウェットパンツ キッズ 子供服 女の子,https://store.shopping.yahoo.co.jp/zozo/108602108.html,極簡風格-蝴蝶結綁帶長褲,https://www.hahababyselect.com/products/%E6%A5%B5%E7%B0%A1%E9%A2%A8%E6%A0%BC-%E8%9D%B4%E8%9D%B6%E7%B5%90%E7%B6%81%E5%B8%B6%E9%95%B7%E8%A4%B2,https://shopee.tw/%E3%80%90hahababy%E3%80%91%E6%A5%B5%E7%B0%A1%E9%A2%A8%E6%A0%BC-%E8%9D%B4%E8%9D%B6%E7%B5%90%E7%B6%81%E5%B8%B6%E9%95%B7%E8%A4%B2-i.780247315.43503950428,,,http://web.archive.org/web/20260723014136/https://www.hahababyselect.com/products/%E6%A5%B5%E7%B0%A1%E9%A2%A8%E6%A0%BC-%E8%9D%B4%E8%9D%B6%E7%B5%90%E7%B6%81%E5%B8%B6%E9%95%B7%E8%A4%B2,rabbitjoyful,https://www.threads.com/@rabbitjoyful/post/DbGT4QuHalj
753034960_17923252746402216_8945170772096261659_n.png,coen,異材質拼接抓皺T恤,https://store.united-arrows.tw/pc/coen/item/detail.cgi?itemcd=76256000064&itemclcd=61,上下拼接抓皺無袖短洋裝,https://www.hahababyselect.com/products/%E4%B8%8A%E4%B8%8B%E6%8B%BC%E6%8E%A5%E6%8A%93%E7%9A%BA%E7%84%A1%E8%A2%96%E7%9F%AD%E6%B4%8B%E8%A3%9D?srsltid=AfmBOopEDnNV83MhKSYwGd525GPpi7sLsOgUVIHqJEyhqow-47YPq9j2,https://shopee.tw/%E3%80%90hahababy%E3%80%91%E4%B8%8A%E4%B8%8B%E6%8B%BC%E6%8E%A5%E6%8A%93%E7%9A%BA%E7%84%A1%E8%A2%96%E7%9F%AD%E6%B4%8B%E8%A3%9D-i.780247315.43564279907,,1,http://web.archive.org/web/20260718185741/https://www.hahababyselect.com/products/%E4%B8%8A%E4%B8%8B%E6%8B%BC%E6%8E%A5%E6%8A%93%E7%9A%BA%E7%84%A1%E8%A2%96%E7%9F%AD%E6%B4%8B%E8%A3%9D,loveaable999,https://www.threads.com/@loveaable999/post/DbH8BjQGDYG
tw-11134207-7rbk9-m9zmg6r7l0l56e.png,BREEZE,ゆったりボーダーTシャツ （ブルー）,"https://fashionwalker.com/commodity/SFOI1134D/BR8934EC039811/?shem=isphe,",細條紋擁抱小刺繡-兒童落肩短T,https://www.hahababyselect.com/products/%E7%B4%B0%E6%A2%9D%E7%B4%8B%E6%93%81%E6%8A%B1%E5%B0%8F%E5%88%BA%E7%B9%A1-%E5%85%92%E7%AB%A5%E8%90%BD%E8%82%A9%E7%9F%ADt,https://shopee.tw/product/780247315/43651541038,https://www.facebook.com/reel/1021795763417553,,http://web.archive.org/web/20260724053102/https://www.hahababyselect.com/products/%E7%B4%B0%E6%A2%9D%E7%B4%8B%E6%93%81%E6%8A%B1%E5%B0%8F%E5%88%BA%E7%B9%A1-%E5%85%92%E7%AB%A5%E8%90%BD%E8%82%A9%E7%9F%ADt,ANONYMOUS,
754143118_18104338823073530_6332042269544248779_n.jpg,go slow caravan,ストレッチキャンバスクレイジー脇ポケイージーパンツ,https://wear.jp/item/73019924/,大人拼色斜紋休閒長褲,https://www.hahababyselect.com/products/%E5%A4%A7%E4%BA%BA%E6%8B%BC%E8%89%B2%E6%96%9C%E7%B4%8B%E4%BC%91%E9%96%92%E9%95%B7%E8%A4%B2,,https://www.facebook.com/hahababyselect/posts/pfbid02jFwAEKvruCJ5PUnrLZnVRj57kRhG5DVvWsDgJd1cHSt75WvaxjEpme4L1VoekBufl,,http://web.archive.org/web/20260724053018/https://www.hahababyselect.com/products/%E5%A4%A7%E4%BA%BA%E6%8B%BC%E8%89%B2%E6%96%9C%E7%B4%8B%E4%BC%91%E9%96%92%E9%95%B7%E8%A4%B2,jennylin3355,https://www.threads.com/@jennylin3355/post/DbJdWRnAVqv